プラグイン名,配布元,カテゴリ,種別,商品URL,サムネイルURL,評価,取得日時
2RuleSynth V3,2Rule,Synth,FREE,https://www.pluginboutique.com/product/1-Instruments/4-Synth/10152-2RuleSynth-V3?a_aid=688228cd487ff,https://banners.pluginboutique.com/utx6as4ucxpsol3k13hl466to0yv,4.2,2026-08-17T02:52:41.890415+00:00
TugGlicento 3,2Rule,Multi-Effect,FREE,https://www.pluginboutique.com/product/2-Effects/53-Multi-Effect-/9702-TugGlicento-3?a_aid=688228cd487ff,https://banners.pluginboutique.com/f408bm8ykemoqwaw7mm364htelrb,4.3,2026-06-29T06:29:29.637136+00:00
Speedrum Lite,Apisonic Labs,Sampler,FREE,https://www.pluginboutique.com/product/1-Instruments/5-Sampler/8072-Speedrum-Lite?a_aid=688228cd487ff,https://banners.pluginboutique.com/zq3sr8g7hxqfcnafb3jf4btyxhie,4.3,2026-08-03T05:32:56.188312+00:00
Analog Lab Play,Arturia,Synth,FREE,https://www.pluginboutique.com/product/1-Instruments/4-Synth/11581-Analog-Lab-Play?a_aid=688228cd487ff,https://banners.pluginboutique.com/g1wpetncdfiiyc92x0if41t6a03q,4.7,2026-08-17T02:52:41.890415+00:00
Audacity,Audacity,DAW,FREE,https://www.pluginboutique.com/product/3-Studio-Tools/23-DAW/385-Audacity?a_aid=688228cd487ff,https://banners.pluginboutique.com/agm5uf2hg3qijit00rfjn2zn6iu1,4.4,2026-08-17T02:52:58.230073+00:00
Evil OTTO,Audio Damage,Compressor,FREE,https://www.pluginboutique.com/product/2-Effects/8-Compressor/17409-Evil-OTTO?a_aid=688228cd487ff,https://banners.pluginboutique.com/juy0veh1ggmx5n1kqtly6wkozgtm,3.8,2026-08-17T02:52:25.370899+00:00
Old Times Impulse Responses (Expansion Library for Fog Convolver),AudioThing,Impulse Response,FREE,https://www.pluginboutique.com/product/3-Studio-Tools/92-Impulse-Response/2458-Old-Times-Impulse-Responses-Expansion-Library-for-Fog-Convolver-?a_aid=688228cd487ff,https://banners.pluginboutique.com/5smgwah29fos9i5zfx1px5vh9wg8,4.5,2026-08-17T02:52:58.230073+00:00
Loopmix Expansion: Blend Free,Audiomodern,Expansion Packs,FREE,https://www.pluginboutique.com/product/1-Instruments/70-Expansion-Packs/11073-Loopmix-Expansion-Blend-Free?a_aid=688228cd487ff,https://banners.pluginboutique.com/yaa46xl0arl5yiulnymtqojdrekn,4.4,2026-08-17T02:52:41.890415+00:00
Loopmix Expansion: Blend II,Audiomodern,Expansion Packs,FREE,https://www.pluginboutique.com/product/1-Instruments/70-Expansion-Packs/10207-Loopmix-Expansion-Blend-II?a_aid=688228cd487ff,https://banners.pluginboutique.com/xtldnxqq60ftksgj1de4tppa12m0,4.5,2026-08-17T02:52:41.890415+00:00
Loopmix Expansion: KRFT Jams,Audiomodern,Expansion Packs,FREE,https://www.pluginboutique.com/product/1-Instruments/70-Expansion-Packs/10111-Loopmix-Expansion-KRFT-Jams?a_aid=688228cd487ff,https://banners.pluginboutique.com/qnkaoze5xciw5mbthie6uw2jcdfi,4.4,2026-08-17T02:52:41.890415+00:00
Loopmix Expansion: SHIFT,Audiomodern,Expansion Packs,FREE,https://www.pluginboutique.com/product/1-Instruments/70-Expansion-Packs/11667-Loopmix-Expansion-SHIFT?a_aid=688228cd487ff,https://banners.pluginboutique.com/as3mn50hwcesxm2wkr59wumnhz88,4.4,2026-08-17T02:52:41.890415+00:00
Mechania: Soundbox Instrument,Audiomodern,Virtual Instruments,FREE,https://www.pluginboutique.com/product/1-Instruments/64-Virtual-Instruments/14009-Mechania-Soundbox-Instrument?a_aid=688228cd487ff,https://banners.pluginboutique.com/quh1937jjwi6wnzxiyv10c5gfcra,4.5,2026-08-17T02:52:41.890415+00:00
Rustwave | Playbeat 4 Expansion,Audiomodern,Expansion Packs,FREE,https://www.pluginboutique.com/product/2-Effects/76-Expansion-Packs/14843-Rustwave-Playbeat-4-Expansion?a_aid=688228cd487ff,https://banners.pluginboutique.com/f9qcp7me06901qdad5al02hnc88v,4.5,2026-08-17T02:52:25.370899+00:00
Spectra: Soundbox Instrument,Audiomodern,Virtual Instruments,FREE,https://www.pluginboutique.com/product/1-Instruments/64-Virtual-Instruments/14470-Spectra-Soundbox-Instrument?a_aid=688228cd487ff,https://banners.pluginboutique.com/c3sqg59ynbl650atqo5jup64k8dg,4.4,2026-08-17T02:52:41.890415+00:00
VRAC,BEATSURFING,Drum Machine,FREE,https://www.pluginboutique.com/product/1-Instruments/7-Drum-Machine/17592-VRAC?a_aid=688228cd487ff,https://banners.pluginboutique.com/gi393qna8mpeih2l60haktaaymtw,,2026-08-17T02:52:41.890415+00:00
BFD Player,BFD,Drum Machine,FREE,https://www.pluginboutique.com/product/1-Instruments/7-Drum-Machine/11402-BFD-Player?a_aid=688228cd487ff,https://banners.pluginboutique.com/ljnaqukpue1dz8pln1dyukk5310k,4.6,2026-08-17T02:52:41.890415+00:00
BLEASS Monolit,BLEASS,Synth,FREE,https://www.pluginboutique.com/product/1-Instruments/4-Synth/9223-BLEASS-Monolit?a_aid=688228cd487ff,https://banners.pluginboutique.com/zrw256zws08kxkulsj1amq2nw0nm,4.4,2026-08-17T02:52:41.890415+00:00
The Beat Community (Preset Pack for BLEASS Omega),BLEASS,Expansion Packs,FREE,https://www.pluginboutique.com/product/1-Instruments/70-Expansion-Packs/8618-The-Beat-Community-Preset-Pack-for-BLEASS-Omega-?a_aid=688228cd487ff,https://banners.pluginboutique.com/4gsl9vtvluijijiixiwrcc7u3ign,4.0,2026-08-17T02:52:41.890415+00:00
MPC Expansion: Electro Encounter,Beat,Expansion Packs,FREE,https://www.pluginboutique.com/product/1-Instruments/70-Expansion-Packs/9281-MPC-Expansion-Electro-Encounter?a_aid=688228cd487ff,https://banners.pluginboutique.com/o60anym8s6iu54cujxe6rk0jsd2t,4.3,2026-08-17T02:52:41.890415+00:00
MPC Expansion: The Trickster,Beat,Expansion Packs,FREE,https://www.pluginboutique.com/product/1-Instruments/70-Expansion-Packs/9280-MPC-Expansion-The-Trickster?a_aid=688228cd487ff,https://banners.pluginboutique.com/14ggmen019rbyqk2cdspwtqb2nex,4.5,2026-08-17T02:52:41.890415+00:00
Blue Cat's Gain Suite,Blue Cat Audio,Gain,FREE,https://www.pluginboutique.com/product/3-Studio-Tools/47-Gain/274-Blue-Cat-s-Gain-Suite?a_aid=688228cd487ff,https://banners.pluginboutique.com/82nt5xptrr8m3rpur36mmodzq2oc,4.5,2026-08-17T02:52:58.230073+00:00
IRDX Studio FREE,Bogren Digital,Impulse Response,FREE,https://www.pluginboutique.com/product/3-Studio-Tools/92-Impulse-Response/17347-IRDX-Studio-FREE?a_aid=688228cd487ff,https://banners.pluginboutique.com/art78snjyt6c6mhw3sgeb5tu51em,4.7,2026-08-17T02:52:58.230073+00:00
Guitar Pickup Selector,Boz Digital Labs,Utility,FREE,https://www.pluginboutique.com/product/3-Studio-Tools/72-Utility/2761-Guitar-Pickup-Selector?a_aid=688228cd487ff,https://banners.pluginboutique.com/urx4n17fijz7dt681ow2fb9a7btt,4.4,2026-08-17T02:52:58.230073+00:00
Panipulator 2,Boz Digital Labs,Utility,FREE,https://www.pluginboutique.com/product/3-Studio-Tools/72-Utility/2157-Panipulator-2?a_aid=688228cd487ff,https://banners.pluginboutique.com/ppdejilu0shzyltkekinp5x8yans,4.6,2026-08-17T02:52:58.230073+00:00
TX16Wx Software Sampler,CWITEC,Sampler,FREE,https://www.pluginboutique.com/product/1-Instruments/5-Sampler/17446-TX16Wx-Software-Sampler?a_aid=688228cd487ff,https://banners.pluginboutique.com/hr4msci0um69mq44ybe2hlbraqze,,2026-08-17T02:52:41.890415+00:00
Synthesizer Expander Module,Cherry Audio,Synth,FREE,https://www.pluginboutique.com/product/1-Instruments/4-Synth/12169-Synthesizer-Expander-Module?a_aid=688228cd487ff,https://banners.pluginboutique.com/e9u247epa3c6gshze1r4ygjz35go,4.6,2026-08-17T02:52:41.890415+00:00
CHOW BYOD,ChowDSP,Distortion,FREE,https://www.pluginboutique.com/product/2-Effects/30-Distortion/9559-CHOW-BYOD?a_aid=688228cd487ff,https://banners.pluginboutique.com/9s5r79hxb90ojhznhw94xib3welk,4.5,2026-06-22T07:12:05.462563+00:00
Colors: Free Version,Cinematique Instruments,Kontakt Instrument,FREE,https://www.pluginboutique.com/product/1-Instruments/55-Kontakt-Instrument/9252-Colors-Free-Version?a_aid=688228cd487ff,https://banners.pluginboutique.com/o6tow847tr4j3y2yzuypuxbw8ahh,4.4,2026-08-17T02:52:41.890415+00:00
DJ Swivel Mix Templates,DJ Swivel,Utility,FREE,https://www.pluginboutique.com/product/3-Studio-Tools/72-Utility/6807-DJ-Swivel-Mix-Templates?a_aid=688228cd487ff,https://banners.pluginboutique.com/h5p3ocvz9owjxkk3y7cjopx5rvsa,4.3,2026-08-17T02:52:58.230073+00:00
LAYER IT Lite,Diginoiz,Sampler,FREE,https://www.pluginboutique.com/product/1-Instruments/5-Sampler/16949-LAYER-IT-Lite?a_aid=688228cd487ff,https://banners.pluginboutique.com/fw3m7uytqp9nsobflvqpp078a198,4.5,2026-08-17T02:52:41.890415+00:00
Spire Essentials,Diginoiz,Synth Presets,FREE,https://www.pluginboutique.com/product/1-Instruments/31-Synth-Presets/13418-Spire-Essentials?a_aid=688228cd487ff,https://banners.pluginboutique.com/eopnt4u3cxgml3sxy0dm8caei75s,4.6,2026-08-17T02:52:41.890415+00:00
Audiogram,Digital Brain Instruments,Utility,FREE,https://www.pluginboutique.com/product/3-Studio-Tools/72-Utility/9751-Audiogram-?a_aid=688228cd487ff,https://banners.pluginboutique.com/tprvxx42e6m551g7gnn3cvnnbfpc,4.4,2026-08-17T02:52:58.230073+00:00
Hot Potato,DirektDSP,Distortion,FREE,https://www.pluginboutique.com/product/2-Effects/30-Distortion/10389-Hot-Potato?a_aid=688228cd487ff,https://banners.pluginboutique.com/rvwe9bbrh5jzhoo6la4idm39aq60,4.3,2026-07-13T05:27:12.628139+00:00
Esmeralda,Ear Candy Technologies,Reverb,FREE,https://www.pluginboutique.com/product/2-Effects/17-Reverb/9349-Esmeralda?a_aid=688228cd487ff,https://banners.pluginboutique.com/9qsoxncz3zqrjzjz6hkw2zdo95jj,4.1,2026-06-01T06:46:46.635046+00:00
Ruby,Ear Candy Technologies,Delay,FREE,https://www.pluginboutique.com/product/2-Effects/10-Delay/9528-Ruby?a_aid=688228cd487ff,https://banners.pluginboutique.com/tez3mh94yd9z8i3ifeigwvk9dfop,4.2,2026-06-08T06:29:11.290135+00:00
Zafiro,Ear Candy Technologies,Multi-Effect,FREE,https://www.pluginboutique.com/product/2-Effects/53-Multi-Effect-/9530-Zafiro?a_aid=688228cd487ff,https://banners.pluginboutique.com/9lynq8l4a7f1q8ogdzlipdxbt02n,4.1,2026-06-08T06:29:11.290135+00:00
Poltergeist,EffectiveFX,Multi-Effect,FREE,https://www.pluginboutique.com/product/2-Effects/53-Multi-Effect-/16641-Poltergeist?a_aid=688228cd487ff,https://banners.pluginboutique.com/l3whnlgpw45ifa28gl1cgs5emmuq,4.3,2026-08-17T02:52:25.370899+00:00
808 Bass Module 4 Lite,Electronik Sound Lab,Virtual Instruments,FREE,https://www.pluginboutique.com/product/1-Instruments/64-Virtual-Instruments/7906-808-Bass-Module-4-Lite?a_aid=688228cd487ff,https://banners.pluginboutique.com/uwmfe7txi425t19mocs6yqfja7ys,4.4,2026-07-13T05:27:26.346758+00:00
Endlesss Studio,Endlesss,DAW,FREE,https://www.pluginboutique.com/product/3-Studio-Tools/23-DAW/7457-Endlesss-Studio?a_aid=688228cd487ff,https://banners.pluginboutique.com/a6sed738ch73700ddyxuigb9t5hq,4.3,2026-08-17T02:52:58.230073+00:00
Best of Free VST Plugins Bundle,Exclusive Bundles+,Free Bundles,FREE,https://www.pluginboutique.com/product/81-Bundles/141-Free-Bundles/16093-Best-of-Free-VST-Plugins-Bundle?a_aid=688228cd487ff,https://banners.pluginboutique.com/lgv0zhwul1vdm88qxksyz38o3t44,4.5,2026-08-17T02:53:12.157672+00:00
Free Beatmaker Bundle,Exclusive Bundles+,Free Bundles,FREE,https://www.pluginboutique.com/product/81-Bundles/141-Free-Bundles/17449-Free-Beatmaker-Bundle?a_aid=688228cd487ff,https://banners.pluginboutique.com/g57oycs2yo9zfnat5p9td58lkige,4.3,2026-08-17T02:53:12.157672+00:00
RS-W2395c Neo Classic Baxandall EQ,Fuse Audio Labs,EQ,FREE,https://www.pluginboutique.com/product/2-Effects/16-EQ/13914-RS-W2395c-Neo-Classic-Baxandall-EQ?a_aid=688228cd487ff,https://banners.pluginboutique.com/w6ibl4ejbxl2lwsn3aj5uitvivfa,4.6,2026-07-27T05:40:37.925276+00:00
VPRE-72 Vintage Tube Pre-Amp,Fuse Audio Labs,Preamp,FREE,https://www.pluginboutique.com/product/2-Effects/74-Preamp/13558-VPRE-72-Vintage-Tube-Pre-Amp?a_aid=688228cd487ff,https://banners.pluginboutique.com/8svzs35hc0up7wyr7ilixm3jzj5j,4.5,2026-08-17T02:52:25.370899+00:00
VREV-666 Free Spring Reverb,Fuse Audio Labs,Reverb,FREE,https://www.pluginboutique.com/product/2-Effects/17-Reverb/13534-VREV-666-Free-Spring-Reverb?a_aid=688228cd487ff,https://banners.pluginboutique.com/h4ttnc7glmm5ojf96k1sqcs2cv95,4.4,2026-08-17T02:52:25.370899+00:00
SubLab Best of Bundle: Free,Future Audio Workshop,Expansion Packs,FREE,https://www.pluginboutique.com/product/1-Instruments/70-Expansion-Packs/8645-SubLab-Best-of-Bundle-Free?a_aid=688228cd487ff,https://banners.pluginboutique.com/lrwv35s32zkrrzt7264548gx1i9a,4.6,2026-08-17T02:52:41.890415+00:00
GroundControl,Ginger Audio,Utility,FREE,https://www.pluginboutique.com/product/3-Studio-Tools/72-Utility/7639-GroundControl?a_aid=688228cd487ff,https://banners.pluginboutique.com/f5c0kuiixwj0ll6cybcunifregk2,4.4,2026-08-17T02:52:58.230073+00:00
GroundControl CASTER,Ginger Audio,Utility,FREE,https://www.pluginboutique.com/product/3-Studio-Tools/72-Utility/9366-GroundControl-CASTER?a_aid=688228cd487ff,https://banners.pluginboutique.com/1l5eh8prxt0sdmhuypns1kyetkeu,4.4,2026-08-17T02:52:58.230073+00:00
4U Goniometer & Korrelator,HOFA-Plugins,Metering,FREE,https://www.pluginboutique.com/product/3-Studio-Tools/79-Metering/5044-4U-Goniometer-Korrelator?a_aid=688228cd487ff,https://banners.pluginboutique.com/6p1ud3adx1sbz9dig09mthse7ma3,4.4,2026-08-17T02:52:58.230073+00:00
"4U Meter, Fader & MS-Pan",HOFA-Plugins,Utility,FREE,https://www.pluginboutique.com/product/3-Studio-Tools/72-Utility/5279-4U-Meter-Fader-MS-Pan?a_aid=688228cd487ff,https://banners.pluginboutique.com/2uidnl6xtsymp995uyywihwlxd6p,4.3,2026-08-17T02:52:58.230073+00:00
4U Project Time,HOFA-Plugins,Utility,FREE,https://www.pluginboutique.com/product/3-Studio-Tools/72-Utility/4761-4U-Project-Time?a_aid=688228cd487ff,https://banners.pluginboutique.com/9rpm01xlas5p71tk0s1pswxjb48v,4.3,2026-08-17T02:52:58.230073+00:00
4U+ BlindTest,HOFA-Plugins,Utility,FREE,https://www.pluginboutique.com/product/3-Studio-Tools/72-Utility/5360-4U-BlindTest?a_aid=688228cd487ff,https://banners.pluginboutique.com/adxvgr930sxmkwjnf4uxmfcnwhwy,4.5,2026-08-17T02:52:58.230073+00:00
FOUNDATIONS | Emotive Choir,Heavyocity,Kontakt Instrument,FREE,https://www.pluginboutique.com/product/1-Instruments/55-Kontakt-Instrument/10130-FOUNDATIONS-Emotive-Choir?a_aid=688228cd487ff,https://banners.pluginboutique.com/ov41me5ltzubs6w57k0gpq352mku,4.5,2026-08-17T02:52:41.890415+00:00
FOUNDATIONS | Piano,Heavyocity,Kontakt Instrument,FREE,https://www.pluginboutique.com/product/1-Instruments/55-Kontakt-Instrument/8857-FOUNDATIONS-Piano?a_aid=688228cd487ff,https://banners.pluginboutique.com/0xc9zon0klig97rnb06rx1m3q18f,4.4,2026-08-17T02:52:41.890415+00:00
Burning Stones,Hell Yes Loop Lab,Amp Simulator,FREE,https://www.pluginboutique.com/product/2-Effects/18-Amp-Simulator/17594-Burning-Stones?a_aid=688228cd487ff,https://banners.pluginboutique.com/btyjq0lejw3f2nsgo8hp57dubujx,,2026-08-17T02:52:25.370899+00:00
HZ Multiplier,Higher Hz,Multi-Effect,FREE,https://www.pluginboutique.com/product/2-Effects/53-Multi-Effect-/9690-HZ-Multiplier?a_aid=688228cd487ff,https://banners.pluginboutique.com/shuc9a4ry43dc7hqc72s6ab36e49,4.3,2026-06-29T06:29:29.637136+00:00
HoRNet MagnusLite,HoRNet Plugins,Limiter,FREE,https://www.pluginboutique.com/product/2-Effects/9-Limiter/17424-HoRNet-MagnusLite?a_aid=688228cd487ff,https://banners.pluginboutique.com/4nnxxhhbq2h0yon82bcwwrum67ns,,2026-08-17T02:52:25.370899+00:00
HoRNet MixComp,HoRNet Plugins,Compressor,FREE,https://www.pluginboutique.com/product/2-Effects/8-Compressor/17417-HoRNet-MixComp?a_aid=688228cd487ff,https://banners.pluginboutique.com/orvkhjyh75gvjmk0fybvd5s5kx7n,,2026-08-17T02:52:25.370899+00:00
HoRNet Molla,HoRNet Plugins,Reverb,FREE,https://www.pluginboutique.com/product/2-Effects/17-Reverb/17426-HoRNet-Molla?a_aid=688228cd487ff,https://banners.pluginboutique.com/74tl81byyhiu5of4he9hqbfy03wh,,2026-08-17T02:52:25.370899+00:00
HoRNet TapeLite,HoRNet Plugins,Tape Emulation,FREE,https://www.pluginboutique.com/product/2-Effects/96-Tape-Emulation/17416-HoRNet-TapeLite?a_aid=688228cd487ff,https://banners.pluginboutique.com/kja7ci5ux7hwfmu8vjz57ih93qbh,,2026-08-17T02:52:25.370899+00:00
HoRNet TreBande,HoRNet Plugins,EQ,FREE,https://www.pluginboutique.com/product/2-Effects/16-EQ/17418-HoRNet-TreBande?a_aid=688228cd487ff,https://banners.pluginboutique.com/gbufaycbxqmpdj536lb2296yvvk4,,2026-08-17T02:52:25.370899+00:00
HoRNet Valvola,HoRNet Plugins,Distortion,FREE,https://www.pluginboutique.com/product/2-Effects/30-Distortion/17427-HoRNet-Valvola?a_aid=688228cd487ff,https://banners.pluginboutique.com/bb2jgdwdumhpbtb0816zwu3k8ayf,4.0,2026-08-17T02:52:25.370899+00:00
ReSing Free,IK Multimedia,Vocal Processing,FREE,https://www.pluginboutique.com/product/2-Effects/54-Vocal-Processing/15738-ReSing-Free?a_aid=688228cd487ff,https://banners.pluginboutique.com/31phlmerfvxkres1exya7k0fee4s,4.4,2026-06-15T07:09:35.620315+00:00
Altar,Iamlamprey,Amp Simulator,FREE,https://www.pluginboutique.com/product/2-Effects/18-Amp-Simulator/17588-Altar?a_aid=688228cd487ff,https://banners.pluginboutique.com/q37n2156ac5af5l584nv2ecthe1u,,2026-08-17T02:52:25.370899+00:00
Endure,Iamlamprey,Kontakt Instrument,FREE,https://www.pluginboutique.com/product/1-Instruments/55-Kontakt-Instrument/8080-Endure?a_aid=688228cd487ff,https://banners.pluginboutique.com/i3poevztl6ksg0hjn1m7g98tbsb0,4.3,2026-08-10T03:43:57.283856+00:00
Songbird - Toy Kalimba,Iamlamprey,Kontakt Instrument,FREE,https://www.pluginboutique.com/product/1-Instruments/55-Kontakt-Instrument/12406-Songbird-Toy-Kalimba?a_aid=688228cd487ff,https://banners.pluginboutique.com/omsiv53yt7djfnga8cl9yp3tm5ps,4.4,2026-08-17T02:52:41.890415+00:00
Zephyr - Panpipe Pads,Iamlamprey,Kontakt Instrument,FREE,https://www.pluginboutique.com/product/1-Instruments/55-Kontakt-Instrument/12407-Zephyr-Panpipe-Pads?a_aid=688228cd487ff,https://banners.pluginboutique.com/9m145x0h969kbjrlnnbgh40ho6na,4.4,2026-08-17T02:52:41.890415+00:00
RYMCast Genesis VGM Player,Inphonik,Utility,FREE,https://www.pluginboutique.com/product/3-Studio-Tools/72-Utility/5637-RYMCast-Genesis-VGM-Player?a_aid=688228cd487ff,https://banners.pluginboutique.com/sgvq7xjuwayqlpy71cng6m49hy4d,4.5,2026-08-17T02:52:58.230073+00:00
Blowdio,Integraudio,Saturation,FREE,https://www.pluginboutique.com/product/2-Effects/44-Saturation/12374-Blowdio?a_aid=688228cd487ff,https://banners.pluginboutique.com/6itl9b0l8gik626ud68ucptn4yxc,4.5,2026-07-27T05:40:37.925276+00:00
Deelay,Integraudio,Delay,FREE,https://www.pluginboutique.com/product/2-Effects/10-Delay/9170-Deelay?a_aid=688228cd487ff,https://banners.pluginboutique.com/c24ibbq7cybbd5ytrefn6fpm4tpp,4.7,2026-06-01T06:46:46.635046+00:00
Tape Fiasco,Jonas Eriksson,Multi-Effect,FREE,https://www.pluginboutique.com/product/2-Effects/53-Multi-Effect-/16884-Tape-Fiasco?a_aid=688228cd487ff,https://banners.pluginboutique.com/7w1qum0bu7xas4nabjpvnpl2k7vb,4.3,2026-08-17T02:52:25.370899+00:00
CHECK,KERN Audio,Referencing Tools,FREE,https://www.pluginboutique.com/product/3-Studio-Tools/95-Referencing-Tools/17325-CHECK?a_aid=688228cd487ff,https://banners.pluginboutique.com/5se5p4tvylf4w6v6b622qye90g50,,2026-08-17T02:52:58.230073+00:00
AizerX - Free Try Pack,Keepforest,Kontakt Instrument,FREE,https://www.pluginboutique.com/product/1-Instruments/55-Kontakt-Instrument/7822-AizerX-Free-Try-Pack?a_aid=688228cd487ff,https://banners.pluginboutique.com/87oh1xim0w5yupirhkl8m7aqpoi9,4.5,2026-06-08T06:29:25.156505+00:00
Warmy EP1A Tube EQ V2,Kiive Audio,EQ,FREE,https://www.pluginboutique.com/product/2-Effects/16-EQ/9383-Warmy-EP1A-Tube-EQ-V2?a_aid=688228cd487ff,https://banners.pluginboutique.com/5qe7m636fga9ckuha3rjwn52xjja,4.7,2026-06-01T06:46:46.635046+00:00
SyndtSphere,Klevgrand,Synth,FREE,https://www.pluginboutique.com/product/1-Instruments/4-Synth/8732-SyndtSphere?a_aid=688228cd487ff,https://banners.pluginboutique.com/prswfdeu5czueskp3ifd3raboz55,4.3,2026-08-10T03:43:57.283856+00:00
TilQ Equalizer,Kuassa,EQ,FREE,https://www.pluginboutique.com/product/2-Effects/16-EQ/15210-TilQ-Equalizer?a_aid=688228cd487ff,https://banners.pluginboutique.com/tgs0u9yudrrbll674hmfnlxy8ili,4.1,2026-08-17T02:52:25.370899+00:00
Codec,Lese,Bit Crusher,FREE,https://www.pluginboutique.com/product/2-Effects/32-Bit-Crusher/9645-Codec?a_aid=688228cd487ff,https://banners.pluginboutique.com/q4yg4hujivqc1owisjyg5xx4p9m9,4.6,2026-06-22T07:12:05.462563+00:00
100 Music Production Tips to Enhance Your Tracks,Loopcloud,eBook,FREE,https://www.pluginboutique.com/product/3-Studio-Tools/94-eBook/15722-100-Music-Production-Tips-to-Enhance-Your-Tracks?a_aid=688228cd487ff,https://banners.pluginboutique.com/yq0da3faow07y5dmj6rr5of0s8p2,4.1,2026-08-17T02:52:58.230073+00:00
Haze,Lunacy,Chorus,FREE,https://www.pluginboutique.com/product/2-Effects/11-Chorus/15265-Haze?a_aid=688228cd487ff,https://banners.pluginboutique.com/g6wb0stqfw42rx9kfv2v742pscpy,4.5,2026-08-17T02:52:25.370899+00:00
2BusControl,MAAT,Metering,FREE,https://www.pluginboutique.com/product/3-Studio-Tools/79-Metering/3900-2BusControl?a_aid=688228cd487ff,https://banners.pluginboutique.com/qtikq6lw7cursjumrv9zydxfyhkj,4.6,2026-08-17T02:52:58.230073+00:00
GŌN,MAAT,Metering,FREE,https://www.pluginboutique.com/product/3-Studio-Tools/79-Metering/11810-G-N?a_aid=688228cd487ff,https://banners.pluginboutique.com/3po5vy6s8iwnxtx0gluunjyx5ot0,4.4,2026-08-17T02:52:58.230073+00:00
GŌN,MAAT,Utility,FREE,https://www.pluginboutique.com/product/3-Studio-Tools/72-Utility/6886-G-N?a_aid=688228cd487ff,https://banners.pluginboutique.com/nq4pke4g1f0nj78i8au4o0zh71ra,4.5,2026-08-17T02:52:58.230073+00:00
BOREALIS-LE,MNTRA Instruments,Reverb,FREE,https://www.pluginboutique.com/product/2-Effects/17-Reverb/12732-BOREALIS-LE?a_aid=688228cd487ff,https://banners.pluginboutique.com/pv3d259nsxy5fs4j49rn5kylkux4,4.3,2026-07-27T05:40:37.925276+00:00
FLTRS-LE,MNTRA Instruments,Filter,FREE,https://www.pluginboutique.com/product/2-Effects/19-Filter/17338-FLTRS-LE?a_aid=688228cd487ff,https://banners.pluginboutique.com/j36cc33tws969meg3yrfmo7wjtoe,4.3,2026-08-17T02:52:25.370899+00:00
Klavir,MNTRA Instruments,Virtual Instruments,FREE,https://www.pluginboutique.com/product/1-Instruments/64-Virtual-Instruments/10100-Klavir?a_aid=688228cd487ff,https://banners.pluginboutique.com/j1qrjjhg60z2u9cyub01dc4zedyh,4.4,2026-08-17T02:52:41.890415+00:00
Mirage,MNTRA Instruments,Virtual Instruments,FREE,https://www.pluginboutique.com/product/1-Instruments/64-Virtual-Instruments/11063-Mirage?a_aid=688228cd487ff,https://banners.pluginboutique.com/o7alxi1bod2vg0uxhm6sd6gnf06g,4.3,2026-08-17T02:52:41.890415+00:00
Rasa,MNTRA Instruments,Virtual Instruments,FREE,https://www.pluginboutique.com/product/1-Instruments/64-Virtual-Instruments/8007-Rasa?a_aid=688228cd487ff,https://banners.pluginboutique.com/ks7lz4p8jec3hklffxfc7prumwfi,4.3,2026-07-13T05:27:26.346758+00:00
Sur,MNTRA Instruments,Synth Presets,FREE,https://www.pluginboutique.com/product/1-Instruments/31-Synth-Presets/12030-Sur?a_aid=688228cd487ff,https://banners.pluginboutique.com/ik2ai6sz6l8v3ft0ys604sgkvvxl,4.6,2026-08-17T02:52:41.890415+00:00
Tenebrae LE,MNTRA Instruments,Synth Presets,FREE,https://www.pluginboutique.com/product/1-Instruments/31-Synth-Presets/11772-Tenebrae-LE?a_aid=688228cd487ff,https://banners.pluginboutique.com/avg810dvo1mytnitwv3o8qs91als,4.6,2026-08-17T02:52:41.890415+00:00
EQ Academy,Mastering The Mix,Utility,FREE,https://www.pluginboutique.com/product/3-Studio-Tools/72-Utility/15238-EQ-Academy?a_aid=688228cd487ff,https://banners.pluginboutique.com/ere8mukjhaex0i9jivpe7rp62ugp,4.4,2026-08-17T02:52:58.230073+00:00
MAutoPitch,MeldaProduction,Vocal Processing,FREE,https://www.pluginboutique.com/product/2-Effects/54-Vocal-Processing/17376-MAutoPitch?a_aid=688228cd487ff,https://banners.pluginboutique.com/jmsg4osiciw5mkmq6ch1ruqtrutt,4.7,2026-08-17T02:52:25.370899+00:00
MRatio,MeldaProduction,Utility,FREE,https://www.pluginboutique.com/product/3-Studio-Tools/72-Utility/1521-MRatio?a_aid=688228cd487ff,https://banners.pluginboutique.com/sgd370d9kv5u3e1tey5dwjw2p0p7,4.5,2026-08-17T02:52:58.230073+00:00
MRecorder,MeldaProduction,Utility,FREE,https://www.pluginboutique.com/product/3-Studio-Tools/72-Utility/1247-MRecorder?a_aid=688228cd487ff,https://banners.pluginboutique.com/u3dti2w9z2nz9n655krzqhg9122n,4.4,2026-08-17T02:52:58.230073+00:00
Formant,Minimal Audio,Vocal Processing,FREE,https://www.pluginboutique.com/product/2-Effects/54-Vocal-Processing/15630-Formant?a_aid=688228cd487ff,https://banners.pluginboutique.com/8i7b4zp4h6mugg8sqpv7dem2k0sq,4.4,2026-08-17T02:52:25.370899+00:00
Squash,Minimal Audio,Compressor,FREE,https://www.pluginboutique.com/product/2-Effects/8-Compressor/14398-Squash?a_aid=688228cd487ff,https://banners.pluginboutique.com/yypq8j4bi8mbbrrqampen0q5lwf5,4.3,2026-08-17T02:52:25.370899+00:00
Tonespace,Mucoder,Utility,FREE,https://www.pluginboutique.com/product/3-Studio-Tools/72-Utility/1854-Tonespace?a_aid=688228cd487ff,https://banners.pluginboutique.com/35n8il88i9qaeurmqqwxs7phbpxp,4.2,2026-08-17T02:52:58.230073+00:00
7 Step Guide to Prepare your Mix for Mastering by Sara Carter - Free eBook,Music Mix Pro,eBook,FREE,https://www.pluginboutique.com/product/3-Studio-Tools/94-eBook/5763-7-Step-Guide-to-Prepare-your-Mix-for-Mastering-by-Sara-Carter-Free-eBook?a_aid=688228cd487ff,https://banners.pluginboutique.com/jrgptcz14phfqztzctre3y1jwxj0,4.4,2026-08-17T02:52:58.230073+00:00
Binvert,Noisebud,Utility,FREE,https://www.pluginboutique.com/product/3-Studio-Tools/72-Utility/2692-Binvert?a_aid=688228cd487ff,https://banners.pluginboutique.com/eq7ygy2g9g7vo5f1xhlwvzgvzu4b,4.3,2026-07-13T05:27:40.091560+00:00
Evouyn,Noisebud,Metering,FREE,https://www.pluginboutique.com/product/3-Studio-Tools/79-Metering/1509-Evouyn?a_aid=688228cd487ff,https://banners.pluginboutique.com/t0xj1vbzsatgkioufato7qxb70da,4.3,2026-07-13T05:27:40.091560+00:00
Fletchy Muncher,Noisebud,Utility,FREE,https://www.pluginboutique.com/product/3-Studio-Tools/72-Utility/2600-Fletchy-Muncher?a_aid=688228cd487ff,https://banners.pluginboutique.com/ded3rf691swxyo8335mwjvwydznc,4.3,2026-07-13T05:27:40.091560+00:00
Frohmager,Ohmforce,Filter,FREE,https://www.pluginboutique.com/product/2-Effects/19-Filter/17484-Frohmager?a_aid=688228cd487ff,https://banners.pluginboutique.com/e60jhwyz7z790yim3wls90ld448r,,2026-08-17T02:52:25.370899+00:00
PSP Chamber,PSP Audioware,Reverb,FREE,https://www.pluginboutique.com/product/2-Effects/17-Reverb/17593-PSP-Chamber?a_aid=688228cd487ff,https://banners.pluginboutique.com/39s4v4fa0vuf3xwjf0u1m86xq5mx,,2026-08-17T02:52:25.370899+00:00
PSP stepDelay,PSP Audioware,Delay,FREE,https://www.pluginboutique.com/product/2-Effects/10-Delay/17590-PSP-stepDelay?a_aid=688228cd487ff,https://banners.pluginboutique.com/fhtfd2jxy3uyoiqt8skqurss4ibc,,2026-08-17T02:52:25.370899+00:00
ChordBloom,Pentacom,Music Theory Tools,FREE,https://www.pluginboutique.com/product/3-Studio-Tools/93-Music-Theory-Tools/15709-ChordBloom?a_aid=688228cd487ff,https://banners.pluginboutique.com/h2b687arafcqjjk6rfjbeoawnpyj,4.3,2026-08-17T02:52:58.230073+00:00
Sonic Atlas,Pitch Innovations,Sampler,FREE,https://www.pluginboutique.com/product/1-Instruments/5-Sampler/16193-Sonic-Atlas?a_aid=688228cd487ff,https://banners.pluginboutique.com/mbqptjr2vqoyrleyczl2y5non20v,4.5,2026-08-17T02:52:41.890415+00:00
Alton Limiter,Platone Studio,Limiter,FREE,https://www.pluginboutique.com/product/2-Effects/9-Limiter/17420-Alton-Limiter?a_aid=688228cd487ff,https://banners.pluginboutique.com/crdbtlj1b1bj0vrcbm3wbpouum0l,,2026-08-17T02:52:25.370899+00:00
Flex Reverb,Platone Studio,Reverb,FREE,https://www.pluginboutique.com/product/2-Effects/17-Reverb/17415-Flex-Reverb?a_aid=688228cd487ff,https://banners.pluginboutique.com/de43qain6xuur04vlfmfqlxsxjdi,,2026-08-17T02:52:25.370899+00:00
Wider 2,Polyverse,Stereo Width,FREE,https://www.pluginboutique.com/product/2-Effects/27-Stereo-Width/11052-Wider-2-?a_aid=688228cd487ff,https://banners.pluginboutique.com/pf480398bkr0a9kfv7xw91nr9xfc,4.6,2026-07-13T05:27:12.628139+00:00
QSynthi,QSynthi,Synth,FREE,https://www.pluginboutique.com/product/1-Instruments/4-Synth/15848-QSynthi?a_aid=688228cd487ff,https://banners.pluginboutique.com/g34h52n2x0bcgsb00r4id0wb7vgj,3.7,2026-08-17T02:52:41.890415+00:00
ReCycle 2.5,Reason Studios,Audio Editor,FREE,https://www.pluginboutique.com/product/3-Studio-Tools/48-Audio-Editor/5833-ReCycle-2-5?a_aid=688228cd487ff,https://banners.pluginboutique.com/zrj9q11j6fu0c9cdnplyc1jftagi,4.5,2026-08-17T02:52:58.230073+00:00
RP-PAN,Rob Papen,Stereo Width,FREE,https://www.pluginboutique.com/product/2-Effects/27-Stereo-Width/9152-RP-PAN?a_aid=688228cd487ff,https://banners.pluginboutique.com/hyojagtsdogj0gfces2gjmu5l6ir,4.5,2026-06-01T06:46:46.635046+00:00
Portatron Preset Pack: SonalSampler,Robotic Bean,Synth Presets,FREE,https://www.pluginboutique.com/product/1-Instruments/31-Synth-Presets/13310-Portatron-Preset-Pack-SonalSampler?a_aid=688228cd487ff,https://banners.pluginboutique.com/0oh9mfwjyvf3qcu5i19006twyvat,4.3,2026-08-17T02:52:41.890415+00:00
Car Test,Rocket Powered Sound,Referencing Tools,FREE,https://www.pluginboutique.com/product/3-Studio-Tools/95-Referencing-Tools/9451-Car-Test?a_aid=688228cd487ff,https://banners.pluginboutique.com/4bwea7y3mb5yo1jozcxtvmb70475,4.3,2026-08-17T02:52:58.230073+00:00
rePEDAL,Sampleson,Generator,FREE,https://www.pluginboutique.com/product/1-Instruments/69-Generator/14672-rePEDAL?a_aid=688228cd487ff,https://banners.pluginboutique.com/zop5geik6rcqvr9ccw8yb0og78ns,4.2,2026-08-17T02:52:41.890415+00:00
KorgAtom,Sinevibes,Expansion Packs,FREE,https://www.pluginboutique.com/product/2-Effects/76-Expansion-Packs/17659-KorgAtom?a_aid=688228cd487ff,https://banners.pluginboutique.com/7qhxatbq2oz6ui8hsvu819kno5fg,,2026-08-17T02:52:25.370899+00:00
KorgDrift,Sinevibes,Expansion Packs,FREE,https://www.pluginboutique.com/product/2-Effects/76-Expansion-Packs/17660-KorgDrift?a_aid=688228cd487ff,https://banners.pluginboutique.com/e26h1t421yf8rffjwi8xn53x4e3k,,2026-08-17T02:52:25.370899+00:00
Skew v2,Sinevibes,Delay,FREE,https://www.pluginboutique.com/product/2-Effects/10-Delay/16608-Skew-v2?a_aid=688228cd487ff,https://banners.pluginboutique.com/6yy1q7pqr5jaedbqdqpqco2jqwar,4.7,2026-08-17T02:52:25.370899+00:00
Spoton,Sixth Sample,Vocal Processing,FREE,https://www.pluginboutique.com/product/2-Effects/54-Vocal-Processing/17425-Spoton?a_aid=688228cd487ff,https://banners.pluginboutique.com/usxvcuy1w0nophdr4bpmcofw2y6a,,2026-08-17T02:52:25.370899+00:00
S Pulser,SoliderSound,Tremolo,FREE,https://www.pluginboutique.com/product/2-Effects/40-Tremolo/10850-S-Pulser?a_aid=688228cd487ff,https://banners.pluginboutique.com/wnfig4bgl9jdec9jzebyewwhggdm,4.5,2026-07-13T05:27:12.628139+00:00
Air | Music Edition,Sound Particles,Multi-Effect,FREE,https://www.pluginboutique.com/product/2-Effects/53-Multi-Effect-/10039-Air-Music-Edition?a_aid=688228cd487ff,https://banners.pluginboutique.com/8mgp5ywlw9hsqh5ckefohvq5ci7h,4.5,2026-07-06T06:19:35.988445+00:00
All You Need to Know About 3D Audio - Free eBook,Sound Particles,eBook,FREE,https://www.pluginboutique.com/product/3-Studio-Tools/94-eBook/7194-All-You-Need-to-Know-About-3D-Audio-Free-eBook?a_aid=688228cd487ff,https://banners.pluginboutique.com/3f73wz13pfgi8f1imrygkpngig9l,4.2,2026-08-17T02:52:58.230073+00:00
FlowFilter,Stagecraft Software,Filter,FREE,https://www.pluginboutique.com/product/2-Effects/19-Filter/17591-FlowFilter?a_aid=688228cd487ff,https://banners.pluginboutique.com/fny2mtjo7c6d8o6lo89h9yj42o0u,,2026-08-17T02:52:25.370899+00:00
RingMod,Stagecraft Software,Modulator,FREE,https://www.pluginboutique.com/product/2-Effects/33-Modulator/17666-RingMod?a_aid=688228cd487ff,https://banners.pluginboutique.com/7yzf0dfdns1h6fhwtggu310zv2sc,,2026-08-17T02:52:25.370899+00:00
Dorico SE 6,Steinberg,DAW,FREE,https://www.pluginboutique.com/product/3-Studio-Tools/23-DAW/14821-Dorico-SE-6?a_aid=688228cd487ff,https://banners.pluginboutique.com/oom0lvb7hnrp2k5f5ho3qomkdtys,4.7,2026-08-17T02:52:58.230073+00:00
LoFi Piano,Steinberg,Virtual Instruments,FREE,https://www.pluginboutique.com/product/1-Instruments/64-Virtual-Instruments/14145-LoFi-Piano?a_aid=688228cd487ff,https://banners.pluginboutique.com/95ltuak085u0ur8funlem7e81026,4.4,2026-08-17T02:52:41.890415+00:00
Taped Vibes,Steinberg,Virtual Instruments,FREE,https://www.pluginboutique.com/product/1-Instruments/64-Virtual-Instruments/14146-Taped-Vibes?a_aid=688228cd487ff,https://banners.pluginboutique.com/j6hd18mf0f6o70sgzc2dmgq27gwm,4.4,2026-08-17T02:52:41.890415+00:00
X-Stream,Steinberg,Synth,FREE,https://www.pluginboutique.com/product/1-Instruments/4-Synth/14149-X-Stream?a_aid=688228cd487ff,https://banners.pluginboutique.com/1nnwbt6rvbdougk3s3togeskkkfw,4.3,2026-08-17T02:52:41.890415+00:00
Surge XT,Surge XT,Synth,FREE,https://www.pluginboutique.com/product/1-Instruments/4-Synth/17453-Surge-XT?a_aid=688228cd487ff,https://banners.pluginboutique.com/yilgt4ym5i1oimmpbtynwgbjdzoj,4.4,2026-08-17T02:52:41.890415+00:00
GSat+,TBProAudio,Saturation,FREE,https://www.pluginboutique.com/product/2-Effects/44-Saturation/15889-GSat-?a_aid=688228cd487ff,https://banners.pluginboutique.com/nphthbab9a5wln5ym3ybues1ea6f,4.5,2026-08-17T02:52:25.370899+00:00
ISOL8,TBProAudio,Utility,FREE,https://www.pluginboutique.com/product/3-Studio-Tools/72-Utility/15892-ISOL8?a_aid=688228cd487ff,https://banners.pluginboutique.com/50r6snd9k421a7xnjokx1scq02ml,4.4,2026-08-17T02:52:58.230073+00:00
TBPA Volume,TBProAudio,Gain,FREE,https://www.pluginboutique.com/product/3-Studio-Tools/47-Gain/15888-TBPA-Volume?a_aid=688228cd487ff,https://banners.pluginboutique.com/5byg1ic4xf1k55roozssoxybg27b,4.4,2026-08-17T02:52:58.230073+00:00
dpMeter5,TBProAudio,Metering,FREE,https://www.pluginboutique.com/product/3-Studio-Tools/79-Metering/15891-dpMeter5?a_aid=688228cd487ff,https://banners.pluginboutique.com/vp0zogi70i65bdpc4z5yqswyw9jd,4.7,2026-08-17T02:52:58.230073+00:00
mvMeter2,TBProAudio,Metering,FREE,https://www.pluginboutique.com/product/3-Studio-Tools/79-Metering/15893-mvMeter2?a_aid=688228cd487ff,https://banners.pluginboutique.com/2h4hwnvk1fc7cnns5nfq7ltn9521,4.6,2026-08-17T02:52:58.230073+00:00
sTiltV2,TBProAudio,EQ,FREE,https://www.pluginboutique.com/product/2-Effects/16-EQ/15890-sTiltV2?a_aid=688228cd487ff,https://banners.pluginboutique.com/5mnjqe8644n81e6h2172hiu630sb,4.4,2026-08-17T02:52:25.370899+00:00
T-De-Esser 2,Techivation,De-Esser,FREE,https://www.pluginboutique.com/product/2-Effects/59-De-Esser/16688-T-De-Esser-2?a_aid=688228cd487ff,https://banners.pluginboutique.com/q9ypj5fz5z6bgn5ndvi97hvic8ys,4.3,2026-08-17T02:52:25.370899+00:00
Instant,Terminal VST,Generator,FREE,https://www.pluginboutique.com/product/1-Instruments/69-Generator/17618-Instant?a_aid=688228cd487ff,https://banners.pluginboutique.com/admavt35jf1tfd6unm24txsvf2eq,,2026-08-17T02:52:41.890415+00:00
TheChorus,TheZhe,Chorus,FREE,https://www.pluginboutique.com/product/2-Effects/11-Chorus/9061-TheChorus?a_aid=688228cd487ff,https://banners.pluginboutique.com/p8v5etff9jatdlzlr7gyij9r2df2,4.4,2026-06-01T06:46:46.635046+00:00
TheExpressor,TheZhe,Compressor,FREE,https://www.pluginboutique.com/product/2-Effects/8-Compressor/9062-TheExpressor?a_aid=688228cd487ff,https://banners.pluginboutique.com/td97kcfpq9zsi2bbq3sljbsviken,4.4,2026-06-01T06:46:46.635046+00:00
TheSplit,TheZhe,Utility,FREE,https://www.pluginboutique.com/product/3-Studio-Tools/72-Utility/9063-TheSplit?a_aid=688228cd487ff,https://banners.pluginboutique.com/j1tk3k7irqlcj8dz339sl9gyow1j,4.3,2026-08-17T02:52:58.230073+00:00
TheUtility,TheZhe,Utility,FREE,https://www.pluginboutique.com/product/3-Studio-Tools/72-Utility/9064-TheUtility?a_aid=688228cd487ff,https://banners.pluginboutique.com/0ozwy4eoqllp0rn9pe89pgwlj783,4.2,2026-08-17T02:52:58.230073+00:00
Attracktive,Tracktion,Sampler,FREE,https://www.pluginboutique.com/product/1-Instruments/5-Sampler/14445-Attracktive?a_aid=688228cd487ff,https://banners.pluginboutique.com/q4lxne9ot5b499abu35qs2mm9jxs,4.5,2026-08-17T02:52:41.890415+00:00
Dawesome Zyklop,Tracktion,Synth,FREE,https://www.pluginboutique.com/product/1-Instruments/4-Synth/14139-Dawesome-Zyklop?a_aid=688228cd487ff,https://banners.pluginboutique.com/ll9iy03qj9jb3ojmek5nedsgcnu0,4.6,2026-08-17T02:52:41.890415+00:00
Waveform Free,Tracktion,DAW,FREE,https://www.pluginboutique.com/product/3-Studio-Tools/23-DAW/14399-Waveform-Free?a_aid=688228cd487ff,https://banners.pluginboutique.com/55fumho3m4evadixzpj4sukcj6rz,4.4,2026-08-17T02:52:58.230073+00:00
Tritik Tymee,Tritik,Delay,FREE,https://www.pluginboutique.com/product/2-Effects/10-Delay/17612-Tritik-Tymee?a_aid=688228cd487ff,https://banners.pluginboutique.com/en9ri0qn95rbvowelyhpuwiec1t8,3.8,2026-08-17T02:52:25.370899+00:00
Envosound,Tsuga Audio,Synth,FREE,https://www.pluginboutique.com/product/1-Instruments/4-Synth/16642-Envosound?a_aid=688228cd487ff,https://banners.pluginboutique.com/60m1bem3xwbe0l3yxdox3ah2r97k,3.9,2026-08-17T02:52:41.890415+00:00
GENOME Intro+,Two Notes Audio Engineering,Amp Simulator,FREE,https://www.pluginboutique.com/product/2-Effects/18-Amp-Simulator/17433-GENOME-Intro-?a_aid=688228cd487ff,https://banners.pluginboutique.com/t767xu2mm7p0zed4jkggsdpf8co4,4.5,2026-08-17T02:52:25.370899+00:00
BEAUTYFLUTE Pro,UJAM,Virtual Instruments,FREE,https://www.pluginboutique.com/product/1-Instruments/64-Virtual-Instruments/17090-BEAUTYFLUTE-Pro?a_aid=688228cd487ff,https://banners.pluginboutique.com/4tof7qc517cc1ji8pfedgnf8cejk,4.4,2026-08-17T02:52:41.890415+00:00
Noctua,UVI,Synth,FREE,https://www.pluginboutique.com/product/1-Instruments/4-Synth/15527-Noctua?a_aid=688228cd487ff,https://banners.pluginboutique.com/xp2r0c07zptcwkprtpv0b6019pli,4.7,2026-08-17T02:52:41.890415+00:00
TrapTune Core,United Plugins,Vocal Processing,FREE,https://www.pluginboutique.com/product/2-Effects/54-Vocal-Processing/17464-TrapTune-Core?a_aid=688228cd487ff,https://banners.pluginboutique.com/fzxngmwloy71f6qvquj4k18ji26y,4.4,2026-08-17T02:52:25.370899+00:00
UAD Explore Bundle,Universal Audio,Free Bundles,FREE,https://www.pluginboutique.com/product/81-Bundles/141-Free-Bundles/17253-UAD-Explore-Bundle?a_aid=688228cd487ff,https://banners.pluginboutique.com/n24i513kszc9ma3jtkehhtxokqd3,4.6,2026-08-17T02:53:12.157672+00:00
CRMBL,UnplugRed,Delay,FREE,https://www.pluginboutique.com/product/2-Effects/10-Delay/16534-CRMBL?a_aid=688228cd487ff,https://banners.pluginboutique.com/pchxawrjw5h9ptwmfx0dwzup85r8,4.2,2026-08-17T02:52:25.370899+00:00
Diet Audio,UnplugRed,Gate,FREE,https://www.pluginboutique.com/product/2-Effects/20-Gate/16535-Diet-Audio?a_aid=688228cd487ff,https://banners.pluginboutique.com/gu1yqqgktbshvgquz7mxqvxnau80,4.2,2026-08-17T02:52:25.370899+00:00
Magic Carpet,UnplugRed,Delay,FREE,https://www.pluginboutique.com/product/2-Effects/10-Delay/16536-Magic-Carpet?a_aid=688228cd487ff,https://banners.pluginboutique.com/2nnxldalv2ftw2ajofmuz58pmoi2,4.6,2026-08-17T02:52:25.370899+00:00
ModMan,UnplugRed,Modulator,FREE,https://www.pluginboutique.com/product/2-Effects/33-Modulator/16537-ModMan?a_aid=688228cd487ff,https://banners.pluginboutique.com/4hx23i51rnv7g09yyj89qx0vnjaj,4.6,2026-08-17T02:52:25.370899+00:00
PNCH,UnplugRed,Gate,FREE,https://www.pluginboutique.com/product/2-Effects/20-Gate/16544-PNCH?a_aid=688228cd487ff,https://banners.pluginboutique.com/5nio9vj6akmtqks56fm2r1o4e0yl,4.5,2026-08-17T02:52:25.370899+00:00
Prisma,UnplugRed,Distortion,FREE,https://www.pluginboutique.com/product/2-Effects/30-Distortion/16545-Prisma?a_aid=688228cd487ff,https://banners.pluginboutique.com/g7n5c89l4tivmhs2z2jhqpj9t43t,4.5,2026-08-17T02:52:25.370899+00:00
Red Bass,UnplugRed,Saturation,FREE,https://www.pluginboutique.com/product/2-Effects/44-Saturation/16546-Red-Bass?a_aid=688228cd487ff,https://banners.pluginboutique.com/ql5b6kduzij2qdc1a6887bwjhoss,4.3,2026-08-17T02:52:25.370899+00:00
SunBurnt,UnplugRed,Reverb,FREE,https://www.pluginboutique.com/product/2-Effects/17-Reverb/16547-SunBurnt?a_aid=688228cd487ff,https://banners.pluginboutique.com/wfcy1mydmqan8k68n63v3nvobdys,4.0,2026-08-17T02:52:25.370899+00:00
Malibu,VZtec,Multi-Effect,FREE,https://www.pluginboutique.com/product/2-Effects/53-Multi-Effect-/12178-Malibu?a_aid=688228cd487ff,https://banners.pluginboutique.com/9vacaxzjyk2r54in5lmaf57jgf7a,4.7,2026-07-20T05:33:11.745988+00:00
Mesa Lite,Venomode,Limiter,FREE,https://www.pluginboutique.com/product/2-Effects/9-Limiter/16308-Mesa-Lite?a_aid=688228cd487ff,https://banners.pluginboutique.com/y9m2nnd8g7x62h9bnnyudkdrywi7,4.5,2026-08-17T02:52:25.370899+00:00
KSHMR Essentials Kick,W. A. Production,Multi-Effect,FREE,https://www.pluginboutique.com/product/2-Effects/53-Multi-Effect-/9328-KSHMR-Essentials-Kick?a_aid=688228cd487ff,https://banners.pluginboutique.com/l6smxmb08nujz6uat2ndzpzi0toj,4.5,2026-06-01T06:46:46.635046+00:00
Outlaw Lite,W. A. Production,Dynamics Processor,FREE,https://www.pluginboutique.com/product/2-Effects/71-Dynamics-Processor/9106-Outlaw-Lite?a_aid=688228cd487ff,https://banners.pluginboutique.com/m3kowvy87px0rm83xqsk3bi6s62w,4.4,2026-05-11T05:52:18.275453+00:00
Puncher 2 Lite,W. A. Production,Transient Shaper,FREE,https://www.pluginboutique.com/product/2-Effects/36-Transient-Shaper/9105-Puncher-2-Lite?a_aid=688228cd487ff,https://banners.pluginboutique.com/rnxtisu354nxuj70gtji1o5z7jol,4.4,2026-05-18T06:05:18.030146+00:00
W.A. Production 12th Anniversary Free Bundle,W. A. Production,Free Bundles,FREE,https://www.pluginboutique.com/product/81-Bundles/141-Free-Bundles/17124-W-A-Production-12th-Anniversary-Free-Bundle?a_aid=688228cd487ff,https://banners.pluginboutique.com/7j7cr1bo91m202ncih253qayxq8k,4.5,2026-08-17T02:53:12.157672+00:00
Magic7,Wave Alchemy,Reverb,FREE,https://www.pluginboutique.com/product/2-Effects/17-Reverb/14032-Magic7?a_aid=688228cd487ff,https://banners.pluginboutique.com/4sxnwoul7p9pgznmqwuf3qoor124,4.8,2026-08-17T02:52:25.370899+00:00
Triaz Player,Wave Alchemy,Drum Machine,FREE,https://www.pluginboutique.com/product/1-Instruments/7-Drum-Machine/13073-Triaz-Player?a_aid=688228cd487ff,https://banners.pluginboutique.com/dnyng4ijdblu70jrmndqnhrhoov0,4.4,2026-08-17T02:52:41.890415+00:00
Flite Play,Wavea,Sampler,FREE,https://www.pluginboutique.com/product/1-Instruments/5-Sampler/13493-Flite-Play?a_aid=688228cd487ff,https://banners.pluginboutique.com/ex7bw4c0vjg0s2butracqb9vae73,4.3,2026-08-17T02:52:41.890415+00:00
Pulse Box,Wavelet Audio,Kontakt Instrument,FREE,https://www.pluginboutique.com/product/1-Instruments/55-Kontakt-Instrument/12191-Pulse-Box?a_aid=688228cd487ff,https://banners.pluginboutique.com/hhes22i7vh485smbvnv35caosrjs,4.5,2026-08-17T02:52:41.890415+00:00
Cassette Transport,Wavesfactory,Utility,FREE,https://www.pluginboutique.com/product/3-Studio-Tools/72-Utility/6216-Cassette-Transport?a_aid=688228cd487ff,https://banners.pluginboutique.com/r94yu2sj1rnc3bn52ax5vm2hbxr6,4.5,2026-08-17T02:52:58.230073+00:00
Youlean Loudness Meter,Youlean,Metering,FREE,https://www.pluginboutique.com/product/3-Studio-Tools/79-Metering/4960-Youlean-Loudness-Meter?a_aid=688228cd487ff,https://banners.pluginboutique.com/z5vbfftxk7mn54ev68au6sjbl5bm,4.7,2026-08-17T02:52:58.230073+00:00
Orange Dreams 2 Lite,ZAK Sound,Synth,FREE,https://www.pluginboutique.com/product/1-Instruments/4-Synth/13339-Orange-Dreams-2-Lite?a_aid=688228cd487ff,https://banners.pluginboutique.com/zsj2odze749dgdwh5dpoalpa09l5,4.3,2026-08-17T02:52:41.890415+00:00
Audiolens,iZotope,Referencing Tools,FREE,https://www.pluginboutique.com/product/3-Studio-Tools/95-Referencing-Tools/9927-Audiolens?a_aid=688228cd487ff,https://banners.pluginboutique.com/0lgovh2nzixjqarevpuc72d8ltkk,4.4,2026-08-17T02:52:58.230073+00:00
iZotope Ozone EQ,iZotope,EQ,FREE,https://www.pluginboutique.com/product/2-Effects/16-EQ/11504-iZotope-Ozone-EQ?a_aid=688228cd487ff,https://banners.pluginboutique.com/j2vejk3i57loklu8kfeb0crqqqfd,4.6,2026-07-13T05:27:12.628139+00:00
Delirion,igorski,Chorus,FREE,https://www.pluginboutique.com/product/2-Effects/11-Chorus/17448-Delirion?a_aid=688228cd487ff,https://banners.pluginboutique.com/4lz7x8qskug99oaf7jowzp5ar1ye,,2026-08-17T02:52:25.370899+00:00
TyrellN6,u-he,Synth,FREE,https://www.pluginboutique.com/product/1-Instruments/4-Synth/17642-TyrellN6?a_aid=688228cd487ff,https://banners.pluginboutique.com/mo90p1a0norinj2h7x1alihyqu01,,2026-08-17T02:52:41.890415+00:00
Zebralette 3,u-he,Synth,FREE,https://www.pluginboutique.com/product/1-Instruments/4-Synth/17688-Zebralette-3?a_aid=688228cd487ff,https://banners.pluginboutique.com/r6ktevum5uyozs0e22hxtfv73zgg,,2026-08-17T02:52:41.890415+00:00
