プラグイン名,セール価格,定価,セール率,終了日,商品URL
Scaler EQ Pro Upgrade,$29.00,$39.00,25% OFF,01 Nov,https://www.pluginboutique.com/product/2-Effects/16-EQ/17934-Scaler-EQ-Pro-Upgrade?a_aid=688228cd487ff
Sonnox Producer Power Bundle Oxford Inflator Oxford Limiter,$59.00,$420.00,85% OFF,18 Oct,https://www.pluginboutique.com/product/81-Bundles/39-Effects-Bundles/16123-Sonnox-Producer-Power-Bundle-Oxford-Inflator-Oxford-Limiter?a_aid=688228cd487ff
Tube Tech CL 1B Mk II,$69.00,$199.00,65% OFF,04 Oct,https://www.pluginboutique.com/product/2-Effects/8-Compressor/11535-Tube-Tech-CL-1B-Mk-II?a_aid=688228cd487ff
MetaTune,$74.50,$149.00,50% OFF,01 Oct,https://www.pluginboutique.com/product/2-Effects/54-Vocal-Processing/15799-MetaTune?a_aid=688228cd487ff
BEAM Bundle,$139.00,$229.00,39% OFF,10 Oct,https://www.pluginboutique.com/product/81-Bundles/39-Effects-Bundles/13277-BEAM-Bundle?a_aid=688228cd487ff
Bloom Drum Machine,$39.00,$59.00,33% OFF,02 Oct,https://www.pluginboutique.com/product/1-Instruments/64-Virtual-Instruments/13548-Bloom-Drum-Machine?a_aid=688228cd487ff
Virtual Console Collection,$49.50,$99.00,50% OFF,01 Oct,https://www.pluginboutique.com/product/2-Effects/21-Channel-Strip/15815-Virtual-Console-Collection?a_aid=688228cd487ff
Bismuth,$39.00,$59.00,33% OFF,10 Oct,https://www.pluginboutique.com/product/2-Effects/53-Multi-Effect-/17061-Bismuth?a_aid=688228cd487ff
Virtual Tube Collection,$49.50,$99.00,50% OFF,01 Oct,https://www.pluginboutique.com/product/2-Effects/44-Saturation/15818-Virtual-Tube-Collection?a_aid=688228cd487ff
CUBE BEAM Bundle,$349.00,$599.00,41% OFF,10 Oct,https://www.pluginboutique.com/product/81-Bundles/89-Complete-Collection/14070-CUBE-BEAM-Bundle?a_aid=688228cd487ff
